{
  "version": "0.1.0",
  "jurisdictions": [
    "MX"
  ],
  "templates": [
    {
      "id": "MX-NDA-001",
      "name": "NDA Recíproco (MX)",
      "category": "Confidencialidad",
      "jurisdiction": "MX",
      "status": "approved",
      "variables": [
        {
          "key": "fecha",
          "label": "Fecha (AAAA-MM-DD)",
          "type": "date"
        },
        {
          "key": "proyecto",
          "label": "Proyecto/Finalidad",
          "type": "text"
        },
        {
          "key": "parte1_razon_social",
          "label": "Parte 1 - Razón social",
          "type": "text"
        },
        {
          "key": "parte1_rfc",
          "label": "Parte 1 - RFC",
          "type": "text"
        },
        {
          "key": "parte2_razon_social",
          "label": "Parte 2 - Razón social",
          "type": "text"
        },
        {
          "key": "parte2_rfc",
          "label": "Parte 2 - RFC",
          "type": "text"
        },
        {
          "key": "plazo_meses",
          "label": "Plazo de confidencialidad (meses)",
          "type": "number"
        }
      ],
      "path": "templates/mx_nda_001.mustache",
      "tags": [
        "NDA",
        "Confidencialidad",
        "Comercial"
      ]
    },
    {
      "id": "MX-ARR-001",
      "name": "Arrendamiento de Oficinas (CDMX) – Esqueleto",
      "category": "Inmobiliario",
      "jurisdiction": "MX",
      "status": "draft",
      "variables": [
        {
          "key": "arrendador",
          "label": "Arrendador (Razón social)",
          "type": "text"
        },
        {
          "key": "arrendatario",
          "label": "Arrendatario (Razón social)",
          "type": "text"
        },
        {
          "key": "domicilio_inmueble",
          "label": "Domicilio del Inmueble",
          "type": "text"
        },
        {
          "key": "plazo_meses",
          "label": "Plazo (meses)",
          "type": "number"
        },
        {
          "key": "fecha_inicio",
          "label": "Fecha de inicio (AAAA-MM-DD)",
          "type": "date"
        },
        {
          "key": "renta_mensual",
          "label": "Renta mensual (MXN)",
          "type": "text"
        },
        {
          "key": "garantia_tipo",
          "label": "Garantía (depósito/fianza/OS)",
          "type": "text"
        }
      ],
      "path": "templates/mx_arr_001.mustache",
      "tags": [
        "Oficinas",
        "Renta",
        "CDMX"
      ]
    },
    {
      "id": "MX-CV-001",
      "name": "Compraventa de Inmueble (MX) – Esqueleto",
      "category": "Inmobiliario",
      "jurisdiction": "MX",
      "status": "draft",
      "variables": [
        {
          "key": "vendedor",
          "label": "Vendedor (Razón social / PF)",
          "type": "text"
        },
        {
          "key": "comprador",
          "label": "Comprador (Razón social / PF)",
          "type": "text"
        },
        {
          "key": "folio_real",
          "label": "Folio Real / RPP",
          "type": "text"
        },
        {
          "key": "domicilio_inmueble",
          "label": "Domicilio del Inmueble",
          "type": "text"
        },
        {
          "key": "precio_total",
          "label": "Precio total (MXN)",
          "type": "text"
        },
        {
          "key": "forma_pago",
          "label": "Forma de pago",
          "type": "text"
        },
        {
          "key": "condiciones_suspensivas",
          "label": "Condiciones suspensivas (texto breve)",
          "type": "textarea"
        }
      ],
      "path": "templates/mx_cv_001.mustache",
      "tags": [
        "Venta",
        "Inmueble",
        "RPP"
      ]
    }
  ]
}